{
	"schemaVersion": 1,
	"id": "minecart-backport",
	"version": "${version}",
	"name": "Minecart Backport",
	"description": "Backports 1.21.2 minecart mechanics to older versions",
	"authors": [
		"N0t_UN_Owen/NotUnaNancyOwen"
	],
	"contact": {
		"homepage": "https://curseforge.com/minecraft/mc-mods/backported-minecarts",
		"sources": "https://github.com/FabricMC/fabric-example-mod"
	},
	"license": "MIT",
	"icon": "assets/minecart-backport/icon.png",
	"environment": "*",
	"entrypoints": {
		"main": [
			"com.notunanancyowen.MinecartBackport"
		]
	},
	"mixins": [
		"minecart-backport.mixins.json"
	],
	"depends": {
		"fabricloader": ">=0.16.14",
		"minecraft": "~1.21",
		"java": ">=21",
		"fabric-api": "*"
	},
	"suggests": {
		"another-mod": "*"
	}
}